{
    "instance1": {
        "objet 1": [
            81.68061797428707,
            3.605318357623236
        ],
        "objet 2": [
            57.94623279348882,
            3.4971961545980537
        ],
        "objet 3": [
            73.80950807448522,
            4.4190220031350735
        ],
        "objet 4": [
            79.54710653918464,
            4.376053409221314
        ],
        "objet 5": [
            57.02217592775675,
            4.020058576106871
        ],
        "objet 6": [
            65.70945937975257,
            4.310744196191202
        ],
        "objet 7": [
            64.27616401441837,
            3.840538744935875
        ],
        "objet 8": [
            68.50572849001475,
            4.2507716726489235
        ],
        "objet 9": [
            78.51739322363531,
            3.7819882413650907
        ],
        "objet 10": [
            83.1280430398753,
            4.502626850187496
        ],
        "objet 11": [
            70.54052404960045,
            4.357976995762358
        ],
        "objet 12": [
            65.9520597626618,
            3.8828898133037053
        ],
        "objet 13": [
            56.8296238322674,
            3.472139133888792
        ],
        "objet 14": [
            77.10538932013571,
            4.323137628629892
        ],
        "objet 15": [
            95.7925344746691,
            4.63625726548764
        ],
        "objet 16": [
            90.64814710755837,
            2.8831512353481865
        ],
        "objet 17": [
            101.20640004885843,
            3.9158293087194984
        ],
        "objet 18": [
            84.41412102795896,
            4.1980855018156
        ],
        "objet 19": [
            66.78334577699376,
            4.600690318465193
        ],
        "objet 20": [
            81.6391428188233,
            4.670519995722426
        ],
        "objet 21": [
            88.15461581435414,
            4.595971003124902
        ],
        "objet 22": [
            74.68513492536111,
            3.420297245953728
        ],
        "objet 23": [
            83.62315274042803,
            4.131836418451427
        ],
        "objet 24": [
            80.1135999037896,
            4.331078377730957
        ],
        "objet 25": [
            76.25875807183276,
            4.255704370214798
        ]
    },
    "instance2": {
        "objet 1": [
            80.8339596389819,
            3.556278676821815
        ],
        "objet 2": [
            72.2145759755174,
            3.710801721743334
        ],
        "objet 3": [
            70.31794773812896,
            4.780701683465553
        ],
        "objet 4": [
            77.46856571913119,
            4.388987241856364
        ],
        "objet 5": [
            75.18005082313633,
            4.891923444057507
        ],
        "objet 6": [
            81.60054565917574,
            3.7694679668117277
        ],
        "objet 7": [
            64.843730002857,
            3.7998690310104397
        ],
        "objet 8": [
            90.00261130204416,
            3.664359185679947
        ],
        "objet 9": [
            97.79778316380404,
            4.921930079950884
        ],
        "objet 10": [
            87.0619935346323,
            3.0469148524166396
        ],
        "objet 11": [
            64.053228650224,
            3.7887735769955833
        ],
        "objet 12": [
            99.04202890591374,
            4.43301783339098
        ],
        "objet 13": [
            81.10999851387592,
            3.2057150766467517
        ],
        "objet 14": [
            73.25294667151068,
            4.749049741752383
        ],
        "objet 15": [
            76.87307928818689,
            4.511214567400871
        ],
        "objet 16": [
            93.44077846481824,
            3.744046042358459
        ],
        "objet 17": [
            85.73859759661903,
            3.5875297178075707
        ],
        "objet 18": [
            73.32055593089906,
            4.423629992837794
        ],
        "objet 19": [
            90.88492779253912,
            3.7232701300214512
        ],
        "objet 20": [
            80.59249269641263,
            3.7515341263010185
        ],
        "objet 21": [
            93.59539907826709,
            3.72162947841478
        ],
        "objet 22": [
            82.69931958409016,
            3.646814919620715
        ],
        "objet 23": [
            85.0722163253325,
            4.430995429141693
        ],
        "objet 24": [
            77.75817825190802,
            3.28673355022085
        ],
        "objet 25": [
            78.86152434967504,
            3.105927667835928
        ]
    },
    "instance3": {
        "objet 1": [
            69.68514006275937,
            4.315985016126637
        ],
        "objet 2": [
            68.26757175765516,
            4.40786360370986
        ],
        "objet 3": [
            72.25132870755944,
            4.161290365507513
        ],
        "objet 4": [
            80.91154180486133,
            3.835804915068505
        ],
        "objet 5": [
            74.82391451880277,
            4.080205464155527
        ],
        "objet 6": [
            92.3666421568055,
            4.1726998877469725
        ],
        "objet 7": [
            90.93811258642415,
            3.2199178818005856
        ],
        "objet 8": [
            79.7119001634714,
            4.062736026741811
        ],
        "objet 9": [
            68.08608827218676,
            4.231004386229894
        ],
        "objet 10": [
            76.0112604315377,
            4.064427753003412
        ],
        "objet 11": [
            67.00728003844851,
            3.118127281546332
        ],
        "objet 12": [
            87.75568199340319,
            4.201948977973627
        ],
        "objet 13": [
            107.47355772330944,
            4.075556575956757
        ],
        "objet 14": [
            76.87258084198349,
            3.828142867972076
        ],
        "objet 15": [
            80.54976111470751,
            3.235352478694346
        ],
        "objet 16": [
            92.10901397898941,
            4.467556511100461
        ],
        "objet 17": [
            76.67847017870952,
            4.0105305146109975
        ],
        "objet 18": [
            68.01912114480274,
            4.120489783754923
        ],
        "objet 19": [
            95.256412499135,
            4.533042405318262
        ],
        "objet 20": [
            102.3505159096226,
            3.7502670014623156
        ],
        "objet 21": [
            74.96128249962801,
            4.314375105427925
        ],
        "objet 22": [
            79.56461926339789,
            2.8577451987639697
        ],
        "objet 23": [
            93.93222953608036,
            4.218377926498
        ],
        "objet 24": [
            64.64781425796701,
            4.568392273689401
        ],
        "objet 25": [
            75.31435313705872,
            3.5049133888987427
        ]
    },
    "instance4": {
        "objet 1": [
            69.73607771922124,
            4.145320166308971
        ],
        "objet 2": [
            76.6584890241688,
            3.4058498938681225
        ],
        "objet 3": [
            94.1602568650849,
            4.3873884186385075
        ],
        "objet 4": [
            90.46672979265027,
            4.247207113517755
        ],
        "objet 5": [
            77.56687090769113,
            3.7397494896632075
        ],
        "objet 6": [
            75.60284398940024,
            4.69429329884923
        ],
        "objet 7": [
            77.96304936510433,
            4.667392021325515
        ],
        "objet 8": [
            67.87935186816294,
            4.107955469206932
        ],
        "objet 9": [
            84.2437624709221,
            3.623156915043579
        ],