{
    "instance1": {
        "objet 1": [
            72.26164183934542,
            0.14981857526034714
        ],
        "objet 2": [
            80.42410454790357,
            1.2317738832891707
        ],
        "objet 3": [
            27.030144685805656,
            0.6624699026181442
        ],
        "objet 4": [
            22.701179534208272,
            1.1331980516603046
        ],
        "objet 5": [
            74.45101876564436,
            -0.28565708901875864
        ],
        "objet 6": [
            29.636404418454067,
            0.6335738785093101
        ],
        "objet 7": [
            40.228011870996106,
            1.3925424035168188
        ],
        "objet 8": [
            93.90276585501371,
            1.071801880654457
        ],
        "objet 9": [
            59.918314913957104,
            0.10518961640604163
        ],
        "objet 10": [
            87.36036353721325,
            1.9955396087405344
        ],
        "objet 11": [
            43.58898225839172,
            0.5240149786068806
        ],
        "objet 12": [
            99.19210867117123,
            0.9397293905651507
        ],
        "objet 13": [
            82.22438698445161,
            0.8112382133677971
        ],
        "objet 14": [
            70.59175151028975,
            1.4292136496665417
        ],
        "objet 15": [
            51.62331105641781,
            0.23964213865094453
        ],
        "objet 16": [
            13.495034547103735,
            1.6436284646732031
        ],
        "objet 17": [
            54.854485510398845,
            1.224083576580717
        ],
        "objet 18": [
            76.59307595128007,
            0.6979036603661268
        ],
        "objet 19": [
            35.29234338605175,
            0.9234146256523104
        ],
        "objet 20": [
            67.04340809545876,
            -0.407334141577518
        ],
        "objet 21": [
            73.62891761853221,
            0.8467345396649487
        ],
        "objet 22": [
            6.420281854867394,
            1.3280864402689387
        ],
        "objet 23": [
            72.90638184865871,
            1.067553153237335
        ],
        "objet 24": [
            6.313991914777317,
            0.8046062282487575
        ],
        "objet 25": [
            56.573569586194324,
            1.3190982097141584
        ]
    },
    "instance2": {
        "objet 1": [
            20.38106234521938,
            1.330720161895923
        ],
        "objet 2": [
            25.13127164072153,
            0.7407245944413086
        ],
        "objet 3": [
            31.219483248689805,
            0.20970598033807286
        ],
        "objet 4": [
            39.04654330440249,
            0.9020713984618554
        ],
        "objet 5": [
            80.20275074592283,
            1.6910455225374226
        ],
        "objet 6": [
            11.831353014342172,
            1.7583310662546667
        ],
        "objet 7": [
            15.230611070571209,
            0.39270111727565105
        ],
        "objet 8": [
            88.14322086081738,
            1.2416429304846814
        ],
        "objet 9": [
            32.52810700459501,
            1.0190569476992715
        ],
        "objet 10": [
            36.48992654598927,
            1.0700176435079016
        ],
        "objet 11": [
            62.714227618886994,
            1.1504479098051634
        ],
        "objet 12": [
            72.30664653737541,
            0.7642276036191582
        ],
        "objet 13": [
            81.42384546927718,
            1.8373950339191718
        ],
        "objet 14": [
            74.64359292670095,
            0.5414062361343681
        ],
        "objet 15": [
            87.41994189482071,
            0.4333539993240362
        ],
        "objet 16": [
            57.09399086339406,
            0.9750012297502142
        ],
        "objet 17": [
            23.472780348301605,
            1.0576046505104437
        ],
        "objet 18": [
            6.095971807255019,
            1.0763114846554331
        ],
        "objet 19": [
            65.34234010563075,
            0.7863801152865721
        ],
        "objet 20": [
            34.362516470118265,
            1.3543547524635133
        ],
        "objet 21": [
            92.41421341469605,
            0.8955286565124047
        ],
        "objet 22": [
            11.055118482338887,
            0.5698418294453522
        ],
        "objet 23": [
            61.46473057212647,
            0.9177294905037578
        ],
        "objet 24": [
            21.856205116106608,
            1.126001740673997
        ],
        "objet 25": [
            20.288818254641107,
            1.154729227274721
        ]
    },
    "instance3": {
        "objet 1": [
            50.78645378462543,
            1.9911361821741527
        ],
        "objet 2": [
            20.216273547202967,
            1.0588961804328851
        ],
        "objet 3": [
            79.76622558711018,
            1.1162378292330069
        ],
        "objet 4": [
            81.26639556529616,
            0.9265911268655116
        ],
        "objet 5": [
            74.21342567774242,
            1.0881859714694904
        ],
        "objet 6": [
            53.236462936421184,
            1.6853028086444186
        ],
        "objet 7": [
            76.11842295599313,
            1.1773185510934507
        ],
        "objet 8": [
            41.04158287334779,
            1.0767476040554702
        ],
        "objet 9": [
            13.770943170255245,
            1.8918054078190507
        ],
        "objet 10": [
            38.94872025634045,
            0.7755330455347981
        ],
        "objet 11": [
            7.357944545633577,
            0.7910680744778287
        ],
        "objet 12": [
            86.52293462515303,
            1.603809526559812
        ],
        "objet 13": [
            56.93516410342029,
            0.25645914568543093
        ],
        "objet 14": [
            73.7468896552991,
            1.4097740566676535
        ],
        "objet 15": [
            54.32678427598999,
            1.566314930965616
        ],
        "objet 16": [
            38.17592125725542,
            0.8389855731282316
        ],
        "objet 17": [
            64.56601329253643,
            1.7527016006127507
        ],
        "objet 18": [
            85.7286069044769,
            1.3632560802999643
        ],
        "objet 19": [
            89.50206303436813,
            0.6933335538803185
        ],
        "objet 20": [
            54.25571701363392,
            0.8050189543639904
        ],
        "objet 21": [
            65.0905437668628,
            0.9383752334232992
        ],
        "objet 22": [
            15.07461220035563,
            1.1980727251009753
        ],
        "objet 23": [
            72.01626904321881,
            0.548818858777308
        ],
        "objet 24": [
            75.15415168978902,
            0.7726311474225259
        ],
        "objet 25": [
            90.02841562922102,
            0.8433984777872426
        ]
    },
    "instance4": {
        "objet 1": [
            86.34760259819721,
            2.0847596035964013
        ],
        "objet 2": [
            18.253202000157653,
            1.183917731435384
        ],
        "objet 3": [
            4.905070183642946,
            0.7552226532745031
        ],
        "objet 4": [
            98.11443511065977,
            0.9749448775284396
        ],
        "objet 5": [
            85.2601940848137,
            2.0374459854226616
        ],
        "objet 6": [
            97.9780777169682,
            1.379010670914549
        ],
        "objet 7": [
            33.15863511032989,
            1.2364176955129738
        ],
        "objet 8": [
            99.44210289406787,
            0.765625880917582
        ],