{
    "instance1": {
        "objet 1": [
            25.042254324083057,
            2.99809594130102
        ],
        "objet 2": [
            3.944763676402674,
            0.4778263852054915
        ],
        "objet 3": [
            46.27118286213565,
            2.503381603484478
        ],
        "objet 4": [
            87.13707947680993,
            4.7235141579383395
        ],
        "objet 5": [
            65.43111162222375,
            0.9664677198206068
        ],
        "objet 6": [
            93.72130205293848,
            1.1660198840534437
        ],
        "objet 7": [
            48.64091380157982,
            2.98949785943375
        ],
        "objet 8": [
            69.29325690531334,
            4.337053425930746
        ],
        "objet 9": [
            94.64677595946175,
            1.367143274270766
        ],
        "objet 10": [
            31.208553551321128,
            0.4631661202368659
        ],
        "objet 11": [
            71.80139014096675,
            4.465218386328197
        ],
        "objet 12": [
            42.8044361520663,
            3.110659224753301
        ],
        "objet 13": [
            74.06534174419347,
            2.4485016887235305
        ],
        "objet 14": [
            25.58630640945737,
            1.6958655914118104
        ],
        "objet 15": [
            76.54339957991314,
            1.142364098261301
        ],
        "objet 16": [
            45.194269562562425,
            0.09089643171040274
        ],
        "objet 17": [
            33.68500027650173,
            1.6559703088958848
        ],
        "objet 18": [
            99.4147438067356,
            3.70294816392077
        ],
        "objet 19": [
            67.01495699899654,
            1.2777361620840533
        ],
        "objet 20": [
            73.88419393079758,
            0.02613192706760803
        ],
        "objet 21": [
            9.206823285991373,
            0.7603862620601987
        ],
        "objet 22": [
            42.42395602600134,
            1.5433165222445848
        ],
        "objet 23": [
            86.39680761722617,
            1.0267341087504656
        ],
        "objet 24": [
            12.463331821295098,
            1.2725159370085666
        ],
        "objet 25": [
            9.517034238433087,
            4.81635647830295
        ]
    },
    "instance2": {
        "objet 1": [
            47.39169598973903,
            1.2128192610486932
        ],
        "objet 2": [
            27.348324217140142,
            3.827179575671761
        ],
        "objet 3": [
            90.42423402918254,
            4.241344666897052
        ],
        "objet 4": [
            99.17353783246557,
            0.42453446072615364
        ],
        "objet 5": [
            94.2328717061001,
            2.002126480881272
        ],
        "objet 6": [
            19.08300648412139,
            2.3098131814952283
        ],
        "objet 7": [
            90.75122496748855,
            1.6342218530506387
        ],
        "objet 8": [
            69.1119660400091,
            0.18026207122135263
        ],
        "objet 9": [
            98.9477529926319,
            2.281390595480992
        ],
        "objet 10": [
            51.07535806477531,
            0.8998367964166037
        ],
        "objet 11": [
            30.874023338980848,
            2.7466286267831186
        ],
        "objet 12": [
            94.77841481630706,
            3.0751101215950642
        ],
        "objet 13": [
            31.953951332177965,
            2.700326336104855
        ],
        "objet 14": [
            10.846051623903985,
            0.32669471465544275
        ],
        "objet 15": [
            47.257873826122236,
            3.0851654658165546
        ],
        "objet 16": [
            98.29826227201407,
            3.957974523569188
        ],
        "objet 17": [
            54.22443237541689,
            4.720423555429627
        ],
        "objet 18": [
            65.49984392681841,
            0.1785154573192732
        ],
        "objet 19": [
            93.80192200605997,
            2.8355607683229134
        ],
        "objet 20": [
            80.63376621583292,
            2.8694895078385136
        ],
        "objet 21": [
            8.678896446545892,
            4.313740270418593
        ],
        "objet 22": [
            41.496246182034525,
            0.4062533383288264
        ],
        "objet 23": [
            80.73330957790847,
            0.43381584742278156
        ],
        "objet 24": [
            41.71030243619418,
            2.9751269752104275
        ],
        "objet 25": [
            39.81980711057962,
            0.5742030402289516
        ]
    },
    "instance3": {
        "objet 1": [
            24.911632678284366,
            3.739849588124039
        ],
        "objet 2": [
            57.62797023914936,
            0.2988969293641419
        ],
        "objet 3": [
            82.16056090860495,
            4.5191948368691035
        ],
        "objet 4": [
            48.10331940554361,
            2.0438176562774175
        ],
        "objet 5": [
            14.398197834426252,
            3.441675979761865
        ],
        "objet 6": [
            99.89213434500464,
            4.497417364963297
        ],
        "objet 7": [
            84.74376948090752,
            2.3327885542073084
        ],
        "objet 8": [
            59.7854865918501,
            1.958882349462057
        ],
        "objet 9": [
            6.3828449018394355,
            0.40256522929539074
        ],
        "objet 10": [
            95.18483935233989,
            1.5277567969890486
        ],
        "objet 11": [
            24.88838828312022,
            3.6576623456105906
        ],
        "objet 12": [
            93.59316806276615,
            0.8382461580563139
        ],
        "objet 13": [
            72.25968936582903,
            4.568264449862227
        ],
        "objet 14": [
            81.87815502504299,
            0.2645598943539229
        ],
        "objet 15": [
            35.82625265045063,
            0.10152939184270016
        ],
        "objet 16": [
            1.281327053471626,
            3.5579142489446114
        ],
        "objet 17": [
            81.34319203173234,
            0.08274251606256167
        ],
        "objet 18": [
            48.92303106943404,
            4.309548074941793
        ],
        "objet 19": [
            2.677803103726495,
            4.5305117757942375
        ],
        "objet 20": [
            22.607608420986548,
            3.406009908039122
        ],
        "objet 21": [
            81.65941018924903,
            1.648020783023706
        ],
        "objet 22": [
            34.963114872595426,
            4.41721745357815
        ],
        "objet 23": [
            35.441807262032576,
            3.7340141545719656
        ],
        "objet 24": [
            21.804182502647752,
            4.456262674852482
        ],
        "objet 25": [
            78.33652460350862,
            3.1836563151948756
        ]
    },
    "instance4": {
        "objet 1": [
            72.59177412687593,
            3.46022155284689
        ],
        "objet 2": [
            87.03580404320083,
            2.549904033735971
        ],
        "objet 3": [
            12.951951490447577,
            3.6639630056708503
        ],
        "objet 4": [
            31.68463500129164,
            1.440106045628153
        ],
        "objet 5": [
            21.92348246888576,
            0.649544898384094
        ],
        "objet 6": [
            96.54503766502374,
            2.7077100143147455
        ],
        "objet 7": [
            78.86994238321473,
            4.875329391498365
        ],
        "objet 8": [
            0.7500032831917358,
            0.3749469466737443
        ],