{
    "instance1": {
        "objet 1": [
            21.073700239174038,
            1.1177257409863763
        ],
        "objet 2": [
            21.839590671843077,
            1.0570438365274997
        ],
        "objet 3": [
            29.390304482235443,
            0.8421143545358727
        ],
        "objet 4": [
            31.515680505640915,
            -0.04749498042204592
        ],
        "objet 5": [
            23.206110452429407,
            0.5437162415755589
        ],
        "objet 6": [
            36.783440073017005,
            0.7397757314315377
        ],
        "objet 7": [
            10.123500324166873,
            0.6349374067197137
        ],
        "objet 8": [
            24.964037658648586,
            0.9331134015772038
        ],
        "objet 9": [
            30.457349388448524,
            0.9299464204114292
        ],
        "objet 10": [
            33.37556784060189,
            0.6667085493438558
        ],
        "objet 11": [
            32.35873240337822,
            1.3893966311302028
        ],
        "objet 12": [
            20.099820199993104,
            0.7861758430932411
        ],
        "objet 13": [
            31.219454850223823,
            1.1563502554724088
        ],
        "objet 14": [
            41.09728559035549,
            -0.20467071588120267
        ],
        "objet 15": [
            16.682740282218568,
            0.6792747062729294
        ],
        "objet 16": [
            38.86746737657979,
            1.1307002040905318
        ],
        "objet 17": [
            33.938610181857655,
            1.4056432301360773
        ],
        "objet 18": [
            51.788584571111755,
            0.8259001885542125
        ],
        "objet 19": [
            28.52836377504739,
            1.3830547497970456
        ],
        "objet 20": [
            34.017051119916694,
            1.2436991340439896
        ],
        "objet 21": [
            32.82058947081604,
            0.7655086076032855
        ],
        "objet 22": [
            20.828309645361884,
            0.7772623368961185
        ],
        "objet 23": [
            41.35494790704006,
            1.0144912863807438
        ],
        "objet 24": [
            19.625473632694565,
            0.40351937220566236
        ],
        "objet 25": [
            6.577490047247181,
            1.6203695381684364
        ]
    },
    "instance2": {
        "objet 1": [
            31.80639274898214,
            1.3848423773894445
        ],
        "objet 2": [
            19.337117648718053,
            1.145956625804742
        ],
        "objet 3": [
            48.76197484169495,
            1.0453822031846054
        ],
        "objet 4": [
            28.9138840771374,
            0.8459374340021708
        ],
        "objet 5": [
            33.54009983085811,
            0.9531735036269705
        ],
        "objet 6": [
            36.13261130987626,
            1.0953870747793775
        ],
        "objet 7": [
            27.067216530470276,
            0.9808522678362026
        ],
        "objet 8": [
            32.5598842336026,
            0.8966741888745533
        ],
        "objet 9": [
            37.991610518335015,
            0.45174551568167565
        ],
        "objet 10": [
            32.31895049702379,
            1.7319723270256842
        ],
        "objet 11": [
            40.81336159249765,
            0.9448541951336531
        ],
        "objet 12": [
            21.496962282612394,
            1.099905544269561
        ],
        "objet 13": [
            35.20334723858379,
            1.1257464591119426
        ],
        "objet 14": [
            40.667905193435075,
            0.8958099126982834
        ],
        "objet 15": [
            33.664551954710184,
            0.7444786178798182
        ],
        "objet 16": [
            34.29514855180287,
            0.9451245582249083
        ],
        "objet 17": [
            17.425181704570594,
            0.30611426491790994
        ],
        "objet 18": [
            21.11520805496394,
            1.6769940318923395
        ],
        "objet 19": [
            15.10749187681654,
            1.6265239443198536
        ],
        "objet 20": [
            33.469933872509536,
            1.6412759369106489
        ],
        "objet 21": [
            21.431601982636984,
            0.9753915058260968
        ],
        "objet 22": [
            48.59431171538233,
            1.780023058587557
        ],
        "objet 23": [
            22.303757007282194,
            0.8861661200386428
        ],
        "objet 24": [
            24.93411993739445,
            0.7365854407462381
        ],
        "objet 25": [
            36.085691458170956,
            0.3209475073923197
        ]
    },
    "instance3": {
        "objet 1": [
            37.148941537068694,
            1.21734530351572
        ],
        "objet 2": [
            21.007736666184677,
            1.7050947383698225
        ],
        "objet 3": [
            19.66100021790338,
            0.7234538815492091
        ],
        "objet 4": [
            15.423952960586,
            0.77933760664627
        ],
        "objet 5": [
            47.183346141330205,
            2.428135551636168
        ],
        "objet 6": [
            35.32846724325847,
            1.016900953368233
        ],
        "objet 7": [
            19.40527682981226,
            0.20232135895913828
        ],
        "objet 8": [
            41.99108403067892,
            0.49701249866670005
        ],
        "objet 9": [
            26.368853028759805,
            1.2613840321057441
        ],
        "objet 10": [
            30.31533508370973,
            0.2586309112911578
        ],
        "objet 11": [
            30.213730869591878,
            2.046087608337232
        ],
        "objet 12": [
            33.208602892192346,
            0.6587354175171237
        ],
        "objet 13": [
            19.12391872636814,
            0.6515217026885247
        ],
        "objet 14": [
            19.68359019697906,
            1.3810554065712832
        ],
        "objet 15": [
            36.39566331053297,
            0.669698684505983
        ],
        "objet 16": [
            35.51428315227881,
            1.3230354998886367
        ],
        "objet 17": [
            31.1814051966039,
            1.3414371902677906
        ],
        "objet 18": [
            23.385271158747905,
            2.0778081023638473
        ],
        "objet 19": [
            30.062695440622758,
            0.7676402802713849
        ],
        "objet 20": [
            23.23031439597611,
            1.2824020694128992
        ],
        "objet 21": [
            11.139971224921904,
            1.6365069048347283
        ],
        "objet 22": [
            41.7701317218111,
            1.6316866560746215
        ],
        "objet 23": [
            33.878681412939,
            0.7253490362365329
        ],
        "objet 24": [
            30.59732796286558,
            0.3294042491360176
        ],
        "objet 25": [
            47.393803850427346,
            1.178418462753426
        ]
    },
    "instance4": {
        "objet 1": [
            50.642087501099795,
            1.471431944785739
        ],
        "objet 2": [
            10.580621154940072,
            0.8174275956802182
        ],
        "objet 3": [
            13.715013967597088,
            1.379847953506735
        ],
        "objet 4": [
            27.260061427058048,
            0.9513472181910773
        ],
        "objet 5": [
            34.00851468693524,
            0.9932343279528695
        ],
        "objet 6": [
            19.6021012127411,
            1.3170654863495588
        ],
        "objet 7": [
            13.449004901129442,
            0.9558067223948576
        ],
        "objet 8": [
            15.507780717891531,
            0.6141146685214955
        ],