{
    "instance1": {
        "objet 1": [
            30.577986503655833,
            3.5624127163477377
        ],
        "objet 2": [
            46.10641168986163,
            3.7374097731923497
        ],
        "objet 3": [
            37.27415942241829,
            3.99843743335617
        ],
        "objet 4": [
            30.996069994551178,
            3.4184651222051596
        ],
        "objet 5": [
            42.09710285738545,
            3.003512254831871
        ],
        "objet 6": [
            30.679656725160005,
            4.055563556549744
        ],
        "objet 7": [
            25.698400019266323,
            3.9043838857065825
        ],
        "objet 8": [
            41.561162438777046,
            4.320183928642435
        ],
        "objet 9": [
            28.827702471152655,
            4.1679442312291295
        ],
        "objet 10": [
            32.86634222704773,
            4.176032988178041
        ],
        "objet 11": [
            33.36093139472185,
            4.16015461796741
        ],
        "objet 12": [
            37.58586625201782,
            4.090780356753626
        ],
        "objet 13": [
            43.8830947389804,
            3.9930335587144334
        ],
        "objet 14": [
            57.22159730106072,
            5.097716462999205
        ],
        "objet 15": [
            40.334770908772256,
            3.662603619188102
        ],
        "objet 16": [
            23.193773397744927,
            3.6474106972599256
        ],
        "objet 17": [
            30.602833811452303,
            3.6760983046205293
        ],
        "objet 18": [
            41.48898288570999,
            4.675447344692556
        ],
        "objet 19": [
            37.827677434964485,
            3.398572570275004
        ],
        "objet 20": [
            39.52343916850275,
            3.705982452688206
        ],
        "objet 21": [
            38.967942164554955,
            4.820388145896758
        ],
        "objet 22": [
            34.23548653327754,
            4.179227485687554
        ],
        "objet 23": [
            29.379870496703163,
            4.132022579693689
        ],
        "objet 24": [
            29.219894392002,
            4.048957693106538
        ],
        "objet 25": [
            44.96326372968238,
            3.9710184074755612
        ]
    },
    "instance2": {
        "objet 1": [
            28.205284941181294,
            3.388749849925403
        ],
        "objet 2": [
            29.797238647688534,
            3.3247402690640433
        ],
        "objet 3": [
            3.0653629977161927,
            3.982863893790425
        ],
        "objet 4": [
            20.52405824186464,
            3.222366136033865
        ],
        "objet 5": [
            27.32736547667981,
            4.052069137911119
        ],
        "objet 6": [
            31.873651473225795,
            3.7781340080834385
        ],
        "objet 7": [
            21.526282478468865,
            4.244428521070569
        ],
        "objet 8": [
            40.10613958905262,
            3.59395473053966
        ],
        "objet 9": [
            18.480947363220473,
            4.267597113350018
        ],
        "objet 10": [
            40.0340129019679,
            3.6794799975387793
        ],
        "objet 11": [
            25.454415100343653,
            4.602170263248701
        ],
        "objet 12": [
            25.683535363405372,
            4.505673773597986
        ],
        "objet 13": [
            21.986599768474534,
            3.2605168886862543
        ],
        "objet 14": [
            20.892179462448603,
            4.24797575398341
        ],
        "objet 15": [
            38.38087619148291,
            3.6220706653106327
        ],
        "objet 16": [
            37.9654532150212,
            4.145569212874525
        ],
        "objet 17": [
            20.90745886686136,
            3.8314700183179493
        ],
        "objet 18": [
            26.887365145189182,
            4.109821353122796
        ],
        "objet 19": [
            22.010836198553818,
            3.91410958229687
        ],
        "objet 20": [
            44.31515911133335,
            4.19614105356632
        ],
        "objet 21": [
            29.73928866855072,
            3.8715835191168195
        ],
        "objet 22": [
            25.31034526545896,
            3.9023632369920938
        ],
        "objet 23": [
            34.77558570385252,
            3.4711470841346577
        ],
        "objet 24": [
            26.32957775830171,
            3.703653350367733
        ],
        "objet 25": [
            30.484887406281995,
            3.363215234327107
        ]
    },
    "instance3": {
        "objet 1": [
            18.72489312370827,
            4.417966875325537
        ],
        "objet 2": [
            8.77728412424663,
            3.474171726824885
        ],
        "objet 3": [
            22.419241090529027,
            4.812642878674712
        ],
        "objet 4": [
            35.54519287377821,
            4.919303971923528
        ],
        "objet 5": [
            35.98357221423279,
            3.7778310542724536
        ],
        "objet 6": [
            30.25933298665724,
            5.094536698029283
        ],
        "objet 7": [
            30.618924315626142,
            4.31855942591491
        ],
        "objet 8": [
            26.40457835307596,
            4.016954289358419
        ],
        "objet 9": [
            37.464989477293415,
            5.235736187629351
        ],
        "objet 10": [
            50.876036774300964,
            4.207060999924133
        ],
        "objet 11": [
            35.41685675847861,
            3.656002574681631
        ],
        "objet 12": [
            29.721663807319274,
            3.9147365183340583
        ],
        "objet 13": [
            30.127210589281813,
            4.195226341437481
        ],
        "objet 14": [
            32.81488030084184,
            4.174206670752422
        ],
        "objet 15": [
            12.679932758417085,
            4.090727724633992
        ],
        "objet 16": [
            27.303493393313374,
            3.7913940364033873
        ],
        "objet 17": [
            28.248863842909635,
            3.611597122678831
        ],
        "objet 18": [
            36.89477473285,
            3.3651251276081675
        ],
        "objet 19": [
            17.02734155652184,
            3.290108544422205
        ],
        "objet 20": [
            27.45704191194026,
            3.615754259355088
        ],
        "objet 21": [
            18.72480484960643,
            3.7317894958356517
        ],
        "objet 22": [
            16.32047072727829,
            4.253559635392642
        ],
        "objet 23": [
            14.291492154883557,
            4.516210849118737
        ],
        "objet 24": [
            23.414421779923753,
            3.7555563445946865
        ],
        "objet 25": [
            35.811589830348964,
            3.8738117350737853
        ]
    },
    "instance4": {
        "objet 1": [
            35.36892575472599,
            4.455569943676744
        ],
        "objet 2": [
            26.21477518409404,
            4.339843111674379
        ],
        "objet 3": [
            32.70096194371697,
            3.446811734609287
        ],
        "objet 4": [
            38.87225865015127,
            3.729587809324788
        ],
        "objet 5": [
            9.514909404552153,
            4.159214016031559
        ],
        "objet 6": [
            47.448883210687725,
            3.735850331642767
        ],
        "objet 7": [
            29.75293737774754,
            3.7819889101001376
        ],
        "objet 8": [
            32.14304040368824,
            4.210614666871738
        ],